<?xml version="1.0"?>
<songs>
  <song name="gururhythm">
    <title>Title</title>
    <rhythm>xxxxxxxxxxxxxxxxxxxxxxxxxxxxxxxxxxxxxxxxxxxxxxxxxxxxxxxxxxxxxxxx</rhythm>
    <rhythm2>................................................................</rhythm2>
    <buildup>gurubuild</buildup>
    <buildupRhythm>x....o..x............o..x.......x....o..x......x..o.............x..o...........x..o.......x..o...........x..o.............x..o..x......#....................................o..x....o....x......x.o.x.o.x.o....O......x..x..O...x.o.x.o.x.o.x....o.x.o...O......x..............o...............................x.........o......x......o..........x......o.....x..o..x....O..O..O........O..O...S............o...........x......@..........O..o..O....O.....O..Oo.O..O...o....O..o.............................................+o.O..O............O..O......O..O..@........o......@........@....@............@..........o.......o..o....o.....o.....o....@........@.......@.......@.............@............o....o....o....o.....o....o....@........o....o.....o....o....o.......o..x...o....o.x........o..x.........o....x....o....O......o....o..o.o.....o...x....o..o...o.........o..................o.....o................x...................o....o......@..........o...............o..o....o.......@..........o.........o........o....o.................</buildupRhythm>
    <buildupRhythm2>...............................................................................#..........¯....................................................................................................................#......s..s..s...s.s.s.s.s.s.s....s.s.s...#..........S..........#....S..S..S...S....#.....ssssss#..s.s.s..#..s..#...s...s..s...#...¯...s..s..s..s..s..#....s..s..s.....#.........i.s..s.....s.#.....s..s..s......i..........s..s..s....#.....s..s...s....s..s.....#..s..s..s..s..s...#...s..s..s..s..s.....#.....¯.........................................................................................................................................................................s..s...s.s.s....s.....s....s...s...........s....s..s..s....s...s..s....s...s..#.......s..s..s..#.........s..s...s...#......s..s...#...s.....s...s..s..s.s..s..#...s...s..s..s.s.s..s..s..s..s..s..s..s.s....#.........................................................................................................................................</buildupRhythm2>
    <independentBuild>true</independentBuild>
  </song>
</songs>