<?xml version="1.0"?>
<songs>
  <song name="angelbreakingrhythm">
    <title>Angel Breaking (wriggle)</title>
    <rhythm>o.................O.............o.................O.............o.................O.............o.................O.............o.................O.............o.................O.............o.................O.............o.................O.............o.................O.............o.................O.............o.................O.............o.................O.............o.................O.............↑.................O.............↓.................O.............o.................O.............o.................O.............o.................O.............o.................O.............o.................O.............o.................O.............o.................o.............o.................o......................o..............o...o...o...o....o........o.........o.....................o.............↑.................O.............↓.................O.............o...............................o.................O.............↑.................O.............↓.................O.............o.................O.............o.................O.............o.................O.............o.................O.............o.................O.............o.................O.............o.................O.............o.................O.............o.................O.............o.................O.............o.................O.............o.................O.............o.................O.............o.................O.............o.................O.............o.................O......o......o......o......o......o......o......o......o......o......o......o.....o.......o.......o...............o.......#..................</rhythm>
    <rhythm2>................................................................................................................................................................................................................................................................................................................................................................................................................................................................................................................................................................................................................................................................................................................................................................................................................................................................................................................................................................................................................................................................................................................................................................................................................................................................................................................................................................................................................................................................................................................................................................................................................................................................................................................................</rhythm2>
    <buildup>angelbreakingbuild</buildup>
    <buildupRhythm>....o.............o.............o...o.........o..........o..................o.....o......o......o.........o.......o......o......o.............O.................o.................O.............o.............O.................o.................O.............o.............O.................o.................O.............o.............O.................o.................O.............o.............O.................o.................O.............o.............O.................o.................O.............↑.............O.................↓.................O.............o.............O.................o.................O.............o.............O.................o.................O.............o.............O.................o.................O.............o.............o.................o.................o.............o..o..o..o....o........o........o.................O.............↑.............O.................↓.................O.............o...............................o...............................↑.............O.................↓.................O.............o.............O.................o.................O.............o.............O.................o.................O.............o.............O.................o.................O.............o.............O.................o.................O.............o.............O.................o.................O.............o.............O.................o.................O.............o.............O.................o.................O.............o.........o.......o......o......o.........o.......o......o......o....o....o...o...o......o......O.........o.......#.............</buildupRhythm>
    <buildupRhythm2>i........................................................................#......................................................¯...............................................................................................................................................................................................................................................................................................................................................................................................................................................................................................................................................................................................................................................................................................................................................................................................................................................................................................................................................................................................................................................................................................................................................................................................................................................................................................................................................................................................................................................................................................................................................................................................</buildupRhythm2>
    <independentBuild>true</independentBuild>
  </song>
</songs>