<?xml version="1.0"?>
<songs>
  <song name="upgrademainfixed">
    <title>Upgrade (wriggle)</title>
    <rhythm>x....O..:.....x....o.....x....OXx....O..:.....x....o.....x....OXx....O..:.....x....o.....x....OXx....O...v....s....v....s...#.OXx....O..:.....x....o.....x....OXx....O..:.....x....o.....x....OXx....O..:.....x....o.....x....OXx....O...v....s....v........#.OXx....O........................OXx....O........................OXx....O........................OXx....O....v...s...#.#...¤.....OXx....O........................OXx....O........................OXx....O........................OXx....O...........¤............OXx....O..:.....x....o.....x....OXx....O..:.....x....o.....x....OXx....O..:.....x....o.....x....OXx....O..:.....x....o.....x....OXx....O..:.....x....o.....x....OXx....O..:.....x....o.....x....OXx....O..:.....x....o.....x....OXx....O....x......x.......↓......</rhythm>
    <rhythm2>i........................................................................................................:....:....:........:............................................................................................................:....:....:........:...................................................................................................................................................................................................................................................................i...............................................................................................................................................................................................................................................................</rhythm2>
    <buildup>upgradebuild</buildup>
    <buildupRhythm>x..#.x.o..x.so...xo..s.xox...o..o..#.x.x..x.so...xo...¯#¤.......x..#.x.o..x.so...xo..s.xox...o..o..#.x.o..x.so...xo...¯#+.......</buildupRhythm>
    <buildupRhythm2>i...............................................................................................i...............................</buildupRhythm2>
    <independentBuild>true</independentBuild>
  </song>
</songs>