<?xml version="1.0"?>
<songs>
  <song name="eekmain">
    <title>The Penis (Eek!)</title>
    <rhythm>x.......x......oxv......x.......xov.....x.......xos.....x.......x.......x.....xoxs......x.......xov.....x.....xoxv......x.......x.......x.....xoxs......x.......xov.....x.....xox#......+.......x.......x.....oxv......x.....xov......x......oxs......x.x.......x.......x....oxv......x......xoxv.....x......oxs......x.........x.......xov.....x.......x....xoxv.......x.......x.......x..oxoxoxoxoxoxoxoxoxoxoxoxoxoxoxoxoxoxoxoxoxoxoxoxoxoxoxoxoxoxox+......x......oxs......x......oxv......x......oxv......x.......x.......x......oxs......x......oxv......x......oxv......x.......x.......x.....oxs......x......oxv......x......oxv......+......x.....o......sv........x......xv......o........xs......+..</rhythm>
    <buildup>eekbuild</buildup>
    <buildupRhythm>x..s.v..ox.s.v..xo.s.v..ox+...#.</buildupRhythm>
    <independentBuild>true</independentBuild>
  </song>
</songs>