<?xml version="1.0"?>
<songs>
  <song name="eekmain">
    <title>The Penis (Eek!) (wriggle)</title>
    <rhythm>x.......x......oxv......x.......xov.....x.......xos.....x.......x.......x......oxs......x.......xov.....x......oxv......x.......x.......x......oxs......x.......xov.....x......ox#......+.......x.......x.....oxv......x.....xov......x......oxs......x........oxV......x....oxv......x......xoxv.....x......oxs......x......xoxv.....x.....oxv.......x.....oxoV......x......o..........x..oxoxoxoxoxoxoxoxoxoxoxoxoxoxoxoxoxoxoxoxoxoxoxoxoxoxoxoxoxoxox+......x......oxs......x......oxv......x......oxv......x.......x.......x......oxs......x......oxv......x......oxv......x.......x.......x.....oxs......x.....oxv.......x......oxv......+......x.....o......sv........x......xv......o........xs......+..</rhythm>
    <buildup>eekbuild</buildup>
    <buildupRhythm>x..s.v..ox.s.v..xo.s.v..ox+...#.</buildupRhythm>
    <independentBuild>true</independentBuild>
  </song>
</songs>