<?xml version="1.0"?>
<songs>
  <song name="1x1rhythm">
    <title>1x1 (wriggle)</title>
    <rhythm>#....o+.#......+#..oOOO.o..o..o..o..o..o..o...oo..O.S...S...+...#....o+.#......+#...S...S...+...#....o+.#......+#...S...S...+...#....o+.#......+#...S...S...+...#....o+.#......+#...S...S...+...#....o+.#......+#...S...S...+...#....o+.#......+#...S...S...+...#....o+.#......+#...S...S...S...S...S...#......+#.......S...+...#....o+.#......+#...S...S...S...S...S...#......+#.......S...+...#....o+.#......+#...S...S...S...S...S...#......+#.......S...+...#....o+.#......+#...S...S...S...S...S...#......+#.......S...+...o.......o.......o.......o.......o.......o.......o.......o.......o...O...o...O...o...O...o...O...o...O...o...O...o...O...o...O...S.......S.......S.......S.......S..S.......S....S.......O.......o.......o.......o...o...o...o...o...o...o...o...o.......S.......S.......S.......S...S.......S.......S.......S...............S..S#.......o.......o.......o.......o.......o.......o.......S.......S...S.......S.......S.......S.......S.......S...............S..S#.......o.......o.......o.......o.......o.......o.....S.S......S........S..S.......S.......V.......S.......S............S...#...................................o.......o.......o.......S.......S.......S.......S.......S.......S.......S...............#.......................o.......o.......oOOO.O.OO..OO..OO..OO..OO..OO..OoOOO.O.OO..OO..OO..OO..OO..OO..OoOOO.O.OO..OO..OO..OO..OO..OO..OoOOO.O.OO..OO..OO..OO..OO..OO..OoOOO.O.OO..OO..OO..OO..OO..OO..OoOOO.oO+oO+oO+oO+oO+oO+oO+.oO+.OoOOO.oO+oO+oO+oO+oO+oO+oO+.oO+.OoOOO.oO+oO+oO+oO+oO+oO+oO+.oO+.OoOOO...▼........▼.......#..#+...</rhythm>
    <rhythm2>................................................................................................................................................................................................................................................................................................................................................................................................................................................................................................................................i.......................................................................................................................................................................................................................................................i...............................................................................................................................i......................................................................................................................................i................................................................................................................................................................................................................................i...............................................................................................................................................................i...............................................................................................................................</rhythm2>
    <buildup>1x1build</buildup>
    <buildupRhythm>o▼..............o▼..............o▼..............o▼..............o▼..............o▼..............o▼..............o▼..............o▼..............o▼..............o▼..............o▼..............o▼..............o▼..............o▼..............o▼..............o...............o...............o...............o...............o......O........o.......O.......o......O........o.......O.......S......S........S.......S.......S...S.....S.....S.......O.......o......o........o...o...o...o...o...o...o...o...o...............o...............o...............o...............o...............o......O........o.......O.......o......O........o.......O.......S......S........S.......S.......S...S.....S.....S.......O.......o......o........o...o...o...o...o...o...o...o...o...............o+..xo+.....x+......o+.....o+...o+..xo+.....x+......o+.....o+...o+..xo+.....x+......o+.....o+...o+..xo+.....x+......o+.....o+...o+..xo+.....x+......o+.....o+...o+..xo+.....x+......o+.....o+...o+..xo+.....x+......o+.....o+...o▼....o▼....o▼......o▼ooo▼......</buildupRhythm>
    <buildupRhythm2>................................................................................................................................................................................................................................................................................................................................................................................................................................................................................................................................................................................................................................................................................................................................................................................................................................................................................................................................................................................................................................................................</buildupRhythm2>
    <independentBuild>true</independentBuild>
  </song>
</songs>