<?xml version="1.0"?>
<songs>
  <song name="redialrhythm">
    <title>Redial (wriggle)</title>
    <rhythm>xvs.....x.......x.......x.......x...v...S...s...#.......V...#...xvs.....x.......x.......x.......x...v...S...s...#.......V...#...xvs.....x.......x.......x.......x...v...S...s...#.......V...#...xvs.....x.......x.......x.......x...v...S...s...#.......V...#...xvs.....x.......x.......x.......x...v...S...s...#.......V...#...xvs.....x.......x.......x.......x...v...S...s...#.......V...#...xvs.....x.......x.......x.......x...v...S...s...#.......V...#...xvs.....x.......x.......x.......x...v...S...s...#.......V...#...x...o...x...o.x.o.x.o...x...o.x.x...o...x...o.x.o.x.o...x...o.x.x...o...x...o.x.o.x.o...x...o.x.x...o...x...o.x.o.x.o...x...o.x.x...o...x...o.x.o.x.o...x...o.x.x...o...x...o.x.o.x.o...x...o.x.x...o...x...o.x.o.x.o...x...o.x.x...o...x.o.x...o...x.o.x...o...#...............V.......S.......#...............V.......S.......#...............V.......S.......#...............V.......S.......#...............V.......S.......#...............V.......S.......#...............V.......S.......#...............V.......S.......</rhythm>
    <rhythm2>i...............................................................i...............................................................i...............................................................i...............................................................i...............................................................i...............................................................i...............................................................i...............................................................i...............................i...............................i...............................i...............................................................i...............................i...............................................................i...............................i...............................i...............................i...............................i...............................i...............................i...............................i...............................</rhythm2>
    <rhythm3>.................................................................................................................................................................................................................................................................................................................................................................................................................................................................................................................................................................................................................................................................i..............................................................................................................................Oi..............................Oi..............................Oi..............................Oi..............................Oi..............................Oi..............................Oi..............................Oi..............................</rhythm3>
    <buildup>redialbuildup</buildup>
    <buildupRhythm>X....O.x.vs.x...O...x..O.vs.o..xX....O.x.vs.x..vs.o.xo.O..vso.+.</buildupRhythm>
    <buildupRhythm2>................................................................</buildupRhythm2>
    <buildupRhythm3>................................................................</buildupRhythm3>
    <independentBuild>true</independentBuild>
  </song>
</songs>