<?xml version="1.0"?>
<songs>
  <song name="youtube_7T-Nn3UbYmc_audio1">
    <title>My mother wants me dead</title>
    <rhythm>x.:.o.:.x.:.x.:.x.:.x.:.o.:.x.:.x.:.x.:.x.:.o.:.x.:.x.:.x.:.x.:.o.:.x.:.x.:.x.:.x.:.o.:.x.:.x.:.x.:.x.:.o.:.x.:.x.:.x.:.x.:.o.:.x.:.x.:.x.:.xoooo+..x.:.x.:.x.:.x.:.o.:.x.:.x.:.x.:.x.:.o.:.x.:.x.:.x.:.x.:.o...x...x.:.x.:.x.:.o.:.x.:.x.:.x.:.x.:.o...x...x.:.x.:.x.:.o.:.x.:.x.:.x.:.x.:.oooox+....:.xo:ox.:.o.:.xo.ox.:oxo:.x.:.o.:.x.:.xo.ox.:.xo:xo.:.x.:.x.:.x.:.x.:.o.:.xo:xx.o.x.:.x.:.o.:.xoo.x.:.x.:.x.:.x.:.x.:.x.:...:...+.........x.:.x.:.xo.xo.:xx.:.x.:.x.:.x.:.o.:.x.:.x.:.xo:xx.:.o.:.x.:.x.:.x.:.x.:.o.:.x.:.x.:.x.:.x.:.o.:.x.:.x.:.x.:.x.:.o.:.x.:.x.:.x.:.x.:.o.:.x.x.xxxxx.:.x.:.o.:.x.:.x.:.x.:.x.:.o.:.x.:.o.:.x.:.x.:.o.:.x.:.o.:.x.:.x.:.o.:.x.:.o.:.x.:.x.:.o.:.x.:.o.:.x.:.x.:.o.:.x.:.o.:.x.:.x.:.o.:.x.:.o.:.xooox+..o.:.x.:.o.:.x.:.x.:.o.:.x.:.o.:.x.:.x.:.o.:.x.:.o.:.x.:.x.:.o.:.x.:.o.:.x.:.x.:.o.:.x.:.o.:.x.:.x.:.o.:.x.:.o.:.x.:.x.:.o.:.x.:.o.:.x.:.xoooo+..x.:.o.:.x.:.x.:.o.:.x.:.o.:.x.:.x.:.o.:.x.:.o.:.x.:.x.:.o.:.x.:.o.:.x.:.x.:.o.:.x.:.o.:.x.:.x.:.o.:.x.:.o.:.x.:.x.:.o.:.x.:.o.:.x.:.x.:.oooox+....:...:.x.:.o.:.x.:.o.:.x.:.x.:.o...x...o.:.x.:.x.:.o.:.x.:.o.:.x.:.x.:.o...x...o.:.x.:.x.:.o.:.x.:.o.:.x.:.x.:.o...x...o.:.x.:.x.:.o.:.x.:.o+..............................................................................................................................................</rhythm>
    <buildup>youtube_7T-Nn3UbYmc_audio</buildup>
    <buildupRhythm>x....::.o......x::::x..o+.......o....::.x......o::::x..o+.......x....::.o......x::::x..o+.......o....::.x......o::::x..o+.......o....::.x......o::::x..o+.......x....::.o......x::::x..o+.......o....::.o......x::::x..o+.......x....::.o......x+...............x....::.x......o::::x..o+.......o....::.x......o::::x..o+.......x....::.x......o::::x..o+.......o....::.x......o::::x..o+.......o....::.o......x::::x..o+.......x....::.o......x::::x..o+.......x....::.o......x::::x..o+.......x.......x......x...x..x.xxxxxxx.</buildupRhythm>
    <independentBuild>true</independentBuild>
  </song>
</songs>