<?xml version="1.0"?>
<images>
  <image name="Ai Hayasaka">
    <source>https://myanimelist.net/character/143196/Ai_Hayasaka</source>
    <centerPixel>602</centerPixel>
  </image>
  <image name="Ai Kizuna">
    <fullname>Kizuna Ai</fullname>
    <source>https://virtualyoutuber.fandom.com/wiki/Kizuna_Ai</source>
  </image>
  <image name="Anya Forger">
    <source>https://myanimelist.net/character/170256/Anya_Forger</source>
    <centerPixel>629</centerPixel>
  </image>
  <image name="Arisu Tachibana">
    <source>https://www.project-imas.com/wiki/Arisu_Tachibana</source>
    <centerPixel>548</centerPixel>
  </image>
  <image name="Artemis of the Blue">
    <source>https://virtualyoutuber.fandom.com/wiki/Artemis_of_the_Blue</source>
    <align>left</align>
    <centerPixel>429</centerPixel>
  </image>
  <image name="Ayuko Uehara">
    <source>https://myanimelist.net/character/80419/Ayuko_Uehara</source>
    <centerPixel>617</centerPixel>
  </image>
  <image name="Brainless Witch">
    <source>https://www.bilibilicomics.com/detail/mc100</source>
    <centerPixel>890</centerPixel>
  </image>
  <image name="Chitose Karasuma">
    <source>https://myanimelist.net/character/137810/Chitose_Karasuma</source>
    <align>right</align>
    <centerPixel>847</centerPixel>
  </image>
  <image name="Dance">
    <source>https://www.youtube.com/watch?v=5t53TcKIlMc</source>
    <centerPixel>601</centerPixel>
    <frameDuration>72</frameDuration>
    <beatsPerAnim>9</beatsPerAnim>
  </image>
  <image name="Diamond">
    <source>https://myanimelist.net/character/123151/Diamond</source>
  </image>
  <image name="Drossel von Flügel">
    <source>https://myanimelist.net/character/12297/Drossel_von_Fl%C3%BCgel</source>
    <align>right</align>
    <centerPixel>758</centerPixel>
  </image>
  <image name="Futaba Igarashi">
    <source>https://myanimelist.net/character/167445/Futaba_Igarashi</source>
    <centerPixel>663</centerPixel>
  </image>
  <image name="Gawr Gura">
    <source>https://virtualyoutuber.fandom.com/wiki/Gawr_Gura</source>
    <centerPixel>794</centerPixel>
  </image>
  <image name="Hatoba Tsugu">
    <source>https://virtualyoutuber.fandom.com/wiki/Hatoba_Tsugu</source>
    <centerPixel>429</centerPixel>
  </image>
  <image name="Hikari Takanashi">
    <source>https://myanimelist.net/character/144273/Hikari_Takanashi</source>
    <align>right</align>
    <centerPixel>648</centerPixel>
  </image>
  <image name="Kaban">
    <source>https://myanimelist.net/character/145506/Kaban/</source>
    <centerPixel>740</centerPixel>
  </image>
  <image name="Kanna Makino">
    <source>https://myanimelist.net/character/75082/Kanna_Makino</source>
    <centerPixel>703</centerPixel>
  </image>
  <image name="Korone Inugami">
    <source>https://virtualyoutuber.fandom.com/wiki/Inugami_Korone</source>
    <align>right</align>
    <centerPixel>1005</centerPixel>
  </image>
  <image name="Kukuru Anrakutei">
    <source>https://myanimelist.net/character/30561/Kukuru_Anrakutei</source>
    <align>right</align>
    <centerPixel>1087</centerPixel>
  </image>
  <image name="Kumiko Oumae">
    <source>https://myanimelist.net/character/120015/Kumiko_Oumae/</source>
    <centerPixel>712</centerPixel>
  </image>
  <image name="Lagtrain">
    <source>https://youtu.be/UnIhRpIT7nc</source>
    <centerPixel>536</centerPixel>
    <frameDuration>72</frameDuration>
    <beatsPerAnim>8</beatsPerAnim>
  </image>
  <image name="Lee Ji-min">
    <source>https://www.pixiv.net/en/artworks/73085111</source>
    <centerPixel>895</centerPixel>
  </image>
  <image name="Lum">
    <source>https://myanimelist.net/character/4835/Lum</source>
    <centerPixel>703</centerPixel>
  </image>
  <image name="Marii Buratei">
    <source>https://myanimelist.net/character/28371/Marii_Buratei</source>
    <centerPixel>721</centerPixel>
  </image>
  <image name="Megalomachia2">
    <source>https://vgmdb.net/album/22243</source>
    <centerPixel>584</centerPixel>
  </image>
  <image name="Mei">
    <source>https://www.pixiv.net/en/artworks/85675371</source>
    <centerPixel>703</centerPixel>
  </image>
  <image name="Mobuko Sonota">
    <source>https://myanimelist.net/character/93387/Mobuko_Sonota</source>
    <centerPixel>813</centerPixel>
  </image>
  <image name="Nia Teppelin">
    <source>https://myanimelist.net/character/2761/Nia_Teppelin/</source>
    <centerPixel>676</centerPixel>
  </image>
  <image name="Nyaa-tan Pretty">
    <fullname>Nyaa-tan (Pretty)</fullname>
    <source>https://myanimelist.net/character/118495/Nyaa-tan</source>
    <centerPixel>712</centerPixel>
  </image>
  <image name="NYN">
    <source>https://cookie.fandom.com/zh/wiki/NYN%E5%A7%90%E8%B4%B5</source>
    <centerPixel>273</centerPixel>
  </image>
  <image name="Phosphophyllite">
    <source>https://myanimelist.net/character/110355/Phosphophyllite</source>
    <centerPixel>813</centerPixel>
  </image>
  <image name="Power">
    <source>https://myanimelist.net/character/170733/Power</source>
    <align>left</align>
    <centerPixel>804</centerPixel>
  </image>
  <image name="Rena Ryuuguu">
    <source>https://myanimelist.net/character/1427/Rena_Ryuuguu</source>
    <align>left</align>
    <centerPixel>484</centerPixel>
  </image>
  <image name="Rin Kagamine">
    <source>https://project-diva.fandom.com/wiki/Kagamine_Rin</source>
    <align>right</align>
    <centerPixel>877</centerPixel>
  </image>
  <image name="Ruby Kurosawa">
    <source>https://myanimelist.net/character/135410/Ruby_Kurosawa</source>
  </image>
  <image name="Sailor Moon">
    <source>https://myanimelist.net/character/2030/Usagi_Tsukino</source>
    <centerPixel>703</centerPixel>
  </image>
  <image name="Sakura Setsumi">
    <source>https://myanimelist.net/character/106583/Setsumi_Sakura</source>
    <align>right</align>
    <centerPixel>758</centerPixel>
  </image>
  <image name="Same">
    <source>https://www.pixiv.net/en/artworks/78929798</source>
    <centerPixel>529</centerPixel>
  </image>
  <image name="Satania">
    <fullname>Satanichia Kurumizawa Mcdowell</fullname>
    <source>https://myanimelist.net/character/143076/Satanichia_Kurumizawa_McDowell</source>
    <align>right</align>
    <centerPixel>648</centerPixel>
  </image>
  <image name="Sayaka Kanamori">
    <source>https://myanimelist.net/character/172493/Sayaka_Kanamori</source>
    <centerPixel>877</centerPixel>
  </image>
  <image name="Serval">
    <source>https://myanimelist.net/character/145507/Serval</source>
    <centerPixel>529</centerPixel>
  </image>
  <image name="Sun Seto">
    <source>https://myanimelist.net/character/2567/Sun_Seto</source>
    <align>right</align>
    <centerPixel>986</centerPixel>
  </image>
  <image name="Suwako Moriya">
    <source>https://en.touhouwiki.net/wiki/Suwako_Moriya</source>
    <align>left</align>
    <centerPixel>337</centerPixel>
  </image>
  <image name="Tamako Kitashirakawa">
    <source>https://myanimelist.net/character/74850/Tamako_Kitashirakawa</source>
    <centerPixel>383</centerPixel>
  </image>
  <image name="Tsukasa Hiiragi">
    <source>https://myanimelist.net/character/2170/Tsukasa_Hiiragi</source>
    <centerPixel>712</centerPixel>
  </image>
  <image name="Tsumugi Kotobuki">
    <source>https://myanimelist.net/character/19568/Tsumugi_Kotobuki</source>
  </image>
  <image name="Umaru Doma">
    <source>https://myanimelist.net/character/92797/Umaru_Doma</source>
    <centerPixel>593</centerPixel>
  </image>
  <image name="Unused Character">
    <source>https://myanimelist.net/character/54733/Unused_Character</source>
    <centerPixel>712</centerPixel>
  </image>
  <image name="Youmu Konpaku">
    <source>https://en.touhouwiki.net/wiki/Youmu_Konpaku</source>
    <align>right</align>
    <centerPixel>1023</centerPixel>
  </image>
  <image name="Zero Two">
    <source>https://myanimelist.net/character/155679/Zero_Two</source>
  </image>
</images>