<?xml version="1.0"?>
<images>
  <image name="Ai Nanasaki">
    <source>http://myanimelist.net/character/32395/Ai_Nanasaki</source>
  </image>
  <image name="Ana">
    <fullname>Ana Coppola</fullname>
    <source>http://myanimelist.net/character/574/Ana_Coppola</source>
    <centerPixel>502</centerPixel>
  </image>
  <image name="Anise">
    <fullname>Anise Tatlin</fullname>
    <source>http://myanimelist.net/character/5112/Anise_Tatlin</source>
    <centerPixel>694</centerPixel>
  </image>
  <image name="Aria">
    <fullname>Aria Kanzaki</fullname>
    <source>http://myanimelist.net/character/30046/Aria_Holmes_Kanzaki</source>
    <centerPixel>730</centerPixel>
  </image>
  <image name="Asuna">
    <fullname>Asuna Yuuki</fullname>
    <source>http://myanimelist.net/character/36828/Asuna_Yuuki</source>
    <align>right</align>
    <centerPixel>630</centerPixel>
  </image>
  <image name="Ayano">
    <fullname>Ayano Sugiura</fullname>
    <source>http://myanimelist.net/character/35876/Ayano_Sugiura</source>
  </image>
  <image name="Black Rock Shooter">
    <fullname>Black★ Rock Shooter</fullname>
    <source>http://myanimelist.net/character/19706/Black%E2%98%85Rock_Shooter</source>
    <align>left</align>
    <centerPixel>630</centerPixel>
  </image>
  <image name="Chifuyu">
    <fullname>Chifuyu Himeki</fullname>
    <source>http://myanimelist.net/character/109393/Chifuyu_Himeki</source>
    <centerPixel>730</centerPixel>
  </image>
  <image name="Chino">
    <fullname>Chino Kafuu</fullname>
    <source>http://myanimelist.net/character/94941/Chino_Kafuu</source>
  </image>
  <image name="Erica">
    <fullname>Erica Hartmann</fullname>
    <source>http://myanimelist.net/character/14137/Erica_Hartmann</source>
    <align>left</align>
    <centerPixel>630</centerPixel>
  </image>
  <image name="Felicia">
    <source>http://darkstalkers.wikia.com/wiki/Felicia</source>
    <centerPixel>634</centerPixel>
  </image>
  <image name="Guu">
    <source>http://myanimelist.net/character/716/Guu</source>
  </image>
  <image name="Hestia">
    <source>http://myanimelist.net/character/93273/Hestia</source>
    <centerPixel>558</centerPixel>
  </image>
  <image name="Hibiki">
    <source>http://myanimelist.net/character/106615/Hibiki</source>
    <centerPixel>849</centerPixel>
  </image>
  <image name="Hozuki">
    <fullname>Hozuki Ferrari</fullname>
    <source>http://myanimelist.net/character/88419/Hozuki_Ferrari</source>
    <centerPixel>493</centerPixel>
  </image>
  <image name="Ichika">
    <fullname>Ichika Mizuhara</fullname>
    <source>http://myanimelist.net/character/95405/Ichika_Mizuhara</source>
    <align>left</align>
    <centerPixel>392</centerPixel>
  </image>
  <image name="Ikaros">
    <source>http://myanimelist.net/character/21150/Ikaros</source>
    <align>right</align>
    <centerPixel>986</centerPixel>
  </image>
  <image name="Jibril">
    <source>http://myanimelist.net/character/97761/Jibril</source>
  </image>
  <image name="Kate Hoshimiya">
    <source>http://myanimelist.net/character/94543/Kate_Hoshimiya</source>
    <centerPixel>666</centerPixel>
  </image>
  <image name="Kirara">
    <fullname>Kirara Bernstein</fullname>
    <source>http://myanimelist.net/character/74087/Kirara_Bernstein</source>
    <align>right</align>
    <centerPixel>878</centerPixel>
  </image>
  <image name="Lum">
    <source>http://myanimelist.net/character/4835/Lum</source>
    <centerPixel>602</centerPixel>
  </image>
  <image name="Madoka">
    <fullname>Madoka Kaname</fullname>
    <source>http://myanimelist.net/character/37832/Madoka_Kaname</source>
    <centerPixel>557</centerPixel>
  </image>
  <image name="Michiru">
    <fullname>Michiru Matsushima</fullname>
    <source>http://myanimelist.net/character/80897/Michiru_Matsushima</source>
  </image>
  <image name="Miya">
    <fullname>Miyako</fullname>
    <source>http://myanimelist.net/character/2627/Miyako</source>
    <align>right</align>
    <centerPixel>932</centerPixel>
  </image>
  <image name="Momoka">
    <fullname>Momoka Sonokawa</fullname>
    <source>http://myanimelist.net/character/104939/Momoka_Sonokawa</source>
    <centerPixel>822</centerPixel>
  </image>
  <image name="Nausicaä">
    <source>http://myanimelist.net/character/539/Nausica%C3%A4</source>
    <centerPixel>694</centerPixel>
  </image>
  <image name="Noel.">
    <fullname>Noel</fullname>
    <source>http://myanimelist.net/character/105177/Noel</source>
    <align>left</align>
    <centerPixel>503</centerPixel>
  </image>
  <image name="Nonon">
    <fullname>Nonon Jakuzure</fullname>
    <source>http://myanimelist.net/character/87693/Jakuzure_Nonon</source>
    <centerPixel>603</centerPixel>
  </image>
  <image name="Nozomi Toujou"/>
  <image name="Ochako">
    <fullname>Ochako Uraraka</fullname>
    <source>http://myanimelist.net/character/117917/Ochako_Uraraka</source>
    <align>left</align>
    <centerPixel>694</centerPixel>
  </image>
  <image name="Ohana">
    <fullname>Ohana Matsumae</fullname>
    <source>http://myanimelist.net/character/36184/Matsumae_Ohana</source>
    <centerPixel>776</centerPixel>
  </image>
  <image name="Panty">
    <fullname>Panty Anarchy</fullname>
    <source>http://myanimelist.net/character/32800/Panty_Anarchy</source>
    <centerPixel>712</centerPixel>
  </image>
  <image name="Priscilla the Crossbreed">
    <centerPixel>895</centerPixel>
  </image>
  <image name="Re-l">
    <fullname>Re-l Mayer</fullname>
    <source>http://myanimelist.net/character/643/Re-l_Mayer</source>
    <align>right</align>
    <centerPixel>524</centerPixel>
  </image>
  <image name="Remus">
    <source>http://akamegakill.wikia.com/wiki/Remus</source>
    <align>left</align>
  </image>
  <image name="Revy">
    <source>http://myanimelist.net/character/458/</source>
    <align>left</align>
    <centerPixel>794</centerPixel>
  </image>
  <image name="Rin">
    <source>http://myanimelist.net/character/1365/Rin</source>
    <centerPixel>465</centerPixel>
  </image>
  <image name="Ryoko">
    <fullname>Ryoko Hakubi</fullname>
    <source>http://myanimelist.net/character/4322/Ryouko_Hakubi</source>
    <centerPixel>465</centerPixel>
  </image>
  <image name="Sabitsuki">
    <source>http://yumenikkifg.wikia.com/wiki/.flow</source>
  </image>
  <image name="Sharo">
    <fullname>Sharo Kirima</fullname>
    <source>http://myanimelist.net/character/94947/Sharo_Kirima</source>
    <centerPixel>410</centerPixel>
  </image>
  <image name="Shiro">
    <source>http://myanimelist.net/character/82525/Shiro</source>
    <centerPixel>557</centerPixel>
  </image>
  <image name="Shizune">
    <fullname>Shizune Hakamichi</fullname>
    <source>http://katawashoujo.wikia.com/wiki/Shizune_Hakamichi</source>
    <align>left</align>
    <centerPixel>282</centerPixel>
  </image>
  <image name="Tooru">
    <fullname>Tooru Ichii</fullname>
    <source>http://myanimelist.net/character/38904/Tooru_Ichii</source>
    <centerPixel>456</centerPixel>
  </image>
  <image name="Tsukasa Ayatsuji">
    <source>http://myanimelist.net/character/32391/Tsukasa_Ayatsuji</source>
    <centerPixel>218</centerPixel>
  </image>
  <image name="Watashi">
    <source>http://myanimelist.net/character/65607/Watashi</source>
    <align>right</align>
    <centerPixel>538</centerPixel>
  </image>
  <image name="Yassan">
    <source>http://myanimelist.net/character/51015/Yassan</source>
    <align>right</align>
    <centerPixel>710</centerPixel>
  </image>
  <image name="Yui Yuigahama">
    <source>http://myanimelist.net/character/67069/Yui_Yuigahama</source>
    <centerPixel>644</centerPixel>
  </image>
  <image name="Yuki Kaizuka">
    <source>http://myanimelist.net/character/107549/Yuki_Kaizuka</source>
    <centerPixel>524</centerPixel>
  </image>
  <image name="Yukino">
    <fullname>Yukino Yukinoshita</fullname>
    <source>http://myanimelist.net/character/67067/Yukino_Yukinoshita</source>
    <centerPixel>758</centerPixel>
  </image>
</images>