<?xml version="1.0"?>
<songs>
  <song name="break_loop">
    <title>Break (JerwuQu)</title>
    <rhythm>X.......X.......X.......X.......X.......X...*...X.......X.......X.......X.......X.......X.......X.X.O.X.X.X.O.X.X.X.O.X.X.X.O.O.O...O...O...O...O...O...O...O...O...O...O...O...O...O...O...O...O..O..O.O..O..O.O..O..O.O..O..O.o+......o+..-▽..-▼..-▽..-▼..-¤..x.......x.......x.......x.......x.......x.......x.......x.......x..~.~.~x.......x.......x.......x.......x.....-+x+...-+.o+..o+..o.......o.......o.......o.......o.......o.......o.......o.......o.......o.......o.......o.......o+......o+..-▼..o▽..-▼..o▽..-+..x▽......x.......x...:...x...:...x▽......x.......x...:...x...:...x▽......x▽..¯...x▽....¯.x▽.¯....x.......x.......x..:....x..:....x▽......x.......x...:...x...:...x▽......x.......x...:...x...:...x▽..~...x▽..~...x▽..~...x▽..~...x.O.O.O.o.X.X.X.x.O.x.O.o.o.o.o.</rhythm>
    <rhythm2>-.:.:...:...:...:...*...*...*...-...:...:...:...*...*...*...*...-.:.:.:.:.:.:.:.*.......*.......-...........*...*...*...*...*...-.:.:.......*...*...*...*...*...*...........*...*...*...*...*...-▼......-▼......-▼......-▼......................................@¤@¤@¤..@¤..@¤..@¤......@¤..@¤..@¤......@¤@¤@¤..@¤..@¤..@¤..@¤@¤_▼..........@¤..@¤......@¤@¤@¤..@¤..@¤@¤@¤@¤@¤..................@¤..@¤..@¤..@¤@¤@¤......@¤..@¤..@¤......@¤@¤@¤..@¤..@¤..@¤..@¤@¤@¤@¤@¤..@¤..@¤..@¤......@¤..@¤..........................|.......¯.......@¤@¤@¤..¯.......¯.......¯.......@¤..@¤@¤¯.......¯.......¯.......¯...@¤..¯.....@¤¯..@¤...@¤..@¤..@¤..@¤@¤¯.......¯.......¯.......¯.@¤@¤.¯.......¯........¯.......@¤..@¤@¤¯.......¯.......¯.......¯...@¤@¤......@¤¯...@¤..@¤..@¤..@¤..@¤..¯.......|.|.|.|.</rhythm2>
    <rhythm3>................................................................................................................................................................................................................................................................i...............................................................i.......i.....................................i.................i...............................................................................................i.......................i.......................................................................................................................................................................................................................................................i...............</rhythm3>
    <buildup>break_build</buildup>
    <buildupRhythm>xXOXxXOXxXOXxXO+................................-+..-+..-+..-+..-+..............-~▼............................_-+..-+..-+..-+..-¤....-.-.-.svs.</buildupRhythm>
    <buildupRhythm2>......*.*.*.|.*.....................................................................~..~....~...~...~...~...~...................................</buildupRhythm2>
    <buildupRhythm3>................................................................................................................................................</buildupRhythm3>
    <independentBuild>true</independentBuild>
  </song>
</songs>